{
    "font_size_large": 14,
    "font_size_medium": 12,
    "barcode_width": 300,
    "barcode_height": 100,
    "last_directory": "C:/Users/Justin/Documents/Labels",
    "mirror_print": false,
    "enable_advanced_features": false,
    "default_print_quality": "Standard",
    "stay_on_top": true,
    "google_sheet_url": "https://docs.google.com/spreadsheets/d/1ec86AL_kJsTwGUERt5q9Euh9JHGflMatTLSxEdRnyvY/edit?usp=sharing",
    "google_sheet_name": "R L\ud83d\udd16 Work \ud83d\udce6",
    "google_sheet_tracking_column": "D",
    "google_sheet_tracking_row": 57,
    "google_sheet_sku_column": "F",
    "google_sheet_sku_row": 57,
    "google_sheets_connection_status": "Connected"
}